item_id,category,file_name,mofu_cost,unlock_condition,unlock_label,item_name
chara_01,avatar,01.png,0,none,,女の子①
head_01,head,head_01.png,100,none,,シルクハット
head_02,head,head_02.png,300,rounds_10,英単語10レッスン完了で解放,ピンクうんこ
head_05,head,head_05.png,500,rounds_20,英単語20レッスン完了で解放,天使のりんぐ
eye_01,eye,eye_01.png,50,lessons_1,長文1レッスン完了で解放,赤眼鏡
eye_02,eye,eye_02.png,50,lessons_1,長文1レッスン完了で解放,青眼鏡
eye_03,eye,eye_03.png,100,none,,サングラス
eye_04,eye,eye_04.png,500,streak_30,30日連続記録で解放,ハートのサングラス
eye_05,eye,eye_05.png,300,streak_20,20日連続記録で解放,汗
eye_06,eye,eye_06.png,500,lessons_10,長文10レッスン完了で解放,うるうる涙
mouth_02,mouth,mouth_02.png,50,lessons_5,長文5レッスン完了で解放,しましまマフラー
mouth_03,mouth,mouth_03.png,300,streak_20,20日連続記録で解放,虹色マフラー