question_id,arrange_word_id,arrange_word,en1,en2,ja1,ja2,voice1,voice2,included_1or2,highlight_chips,voice1_name,voice2_name,sentence_first_en,sentence_second_en,answer,chips,audio_first,audio_second,audio_auto,icon_first,icon_second,position_first,position_second
e2001,va1001,either,Pizza or curry for dinner?,"Either is fine, I'm starving.",夕飯はピザとカレー、どっちにする？,どっちでもいいよ、お腹ぺこぺこ。,Kevin,Ivy,2,Either,Kevin,Ivy,Pizza or curry for dinner?,___________,"Either is fine, I'm starving.","Either|is|fine,|I'm|starving.",e2001-a.mp3,e2001-b.mp3,1,Kevin.png,Ivy.png,left,right
e2002,va1001,either,I don't like either of those songs.,,その2曲、どっちも好きじゃない。,,Ivy,,1,either,Ivy,,___________,,I don't like either of those songs.,I|don't|like|either|of|those|songs.,e2002-a.mp3,,1,Ivy,,right,none
e2003,va1002,wipe,Could you wipe the table before we eat?,"Sure, where's the cloth?",食べる前にテーブルを拭いてくれる？,いいよ、ふきんどこ？,Matthew,Ivy,1,wipe,Matthew,Ivy,___________,"Sure, where's the cloth?",Could you wipe the table before we eat?,Could|you|wipe|the|table|before|we|eat?,e2003-a.mp3,e2003-b.mp3,1,Matthew.png,Ivy.png,left,right
e2004,va1002,wipe,I wiped the fog off the window to see the snow.,,雪を見ようと、窓の曇りを拭き取った。,,Ivy,,1,wiped,Ivy,,___________,,I wiped the fog off the window to see the snow.,I|wiped|the|fog|off|the|window|to|see|the|snow.,e2004-a.mp3,,1,Ivy,,right,none
e2005,va1003,especially,Did you enjoy the museum?,"Yes, especially the room full of old maps.",博物館は楽しめた？,はい、特に古い地図でいっぱいの部屋が。,Ruth,Ivy,2,especially,Ruth,Ivy,Did you enjoy the museum?,___________,"Yes, especially the room full of old maps.","Yes,|especially|the|room|full|of|old|maps.",e2005-a.mp3,e2005-b.mp3,1,Ruth.png,Ivy.png,left,right
e2006,va1003,especially,"I love autumn, especially when the leaves turn red.",,秋が好き、特に葉っぱが赤くなる頃が。,,Ivy,,1,especially,Ivy,,___________,,"I love autumn, especially when the leaves turn red.","I|love|autumn,|especially|when|the|leaves|turn|red.",e2006-a.mp3,,1,Ivy,,right,none
e2007,va1004,fake,Is that a real diamond?,"No, it's fake, but it looks nice.",それ本物のダイヤ？,いや、偽物だよ、でもきれいでしょ。,Ivy,Kevin,2,"fake,",Ivy,Kevin,Is that a real diamond?,___________,"No, it's fake, but it looks nice.","No,|it's|fake,|but|it|looks|nice.",e2007-a.mp3,e2007-b.mp3,1,Ivy,Kevin.png,right,left
e2008,va1004,fake,Always check the source before you share news that could be fake.,,偽物かもしれないニュースを共有する前に、必ず情報源を確認しましょう。,,Ruth,,1,fake.,Ruth,,___________,,Always check the source before you share news that could be fake.,Always|check|the|source|before|you|share|news|that|could|be|fake.,e2008-a.mp3,,1,Ruth.png,,left,none
e2009,va1005,diet,A balanced diet keeps your body strong.,So I shouldn't skip vegetables at lunch.,バランスの取れた食事は体を強く保ちます。,じゃあお昼に野菜を残しちゃだめですね。,Ruth,Ivy,1,diet,Ruth,Ivy,___________,So I shouldn't skip vegetables at lunch.,A balanced diet keeps your body strong.,A|balanced|diet|keeps|your|body|strong.,e2009-a.mp3,e2009-b.mp3,1,Ruth.png,Ivy.png,left,right
e2010,va1005,diet,Pandas eat a diet made mostly of bamboo.,,パンダはほとんど竹ばかりを食べています。,,Ivy,,1,diet,Ivy,,___________,,Pandas eat a diet made mostly of bamboo.,Pandas|eat|a|diet|made|mostly|of|bamboo.,e2010-a.mp3,,1,Ivy,,right,none
e2011,va1006,remind,Can you remind me to bring my gym clothes?,I'll put a note on the door.,体操服を持っていくように声をかけてくれる？,ドアにメモを貼っておくよ。,Ivy,Matthew,1,remind,Ivy,Matthew,___________,I'll put a note on the door.,Can you remind me to bring my gym clothes?,Can|you|remind|me|to|bring|my|gym|clothes?,e2011-a.mp3,e2011-b.mp3,1,Ivy,Matthew.png,right,left
e2012,va1006,remind,This song reminds me of our summer trip.,,この曲を聴くと夏の旅行を思い出す。,,Ivy,,1,reminds,Ivy,,___________,,This song reminds me of our summer trip.,This|song|reminds|me|of|our|summer|trip.,e2012-a.mp3,,1,Ivy,,right,none
e2013,va1007,noisy,The cafeteria is too noisy to talk.,Let's eat outside today.,食堂はうるさくて話せないね。,今日は外で食べよう。,Ivy,Kevin,1,noisy,Ivy,Kevin,___________,Let's eat outside today.,The cafeteria is too noisy to talk.,The|cafeteria|is|too|noisy|to|talk.,e2013-a.mp3,e2013-b.mp3,1,Ivy,Kevin.png,right,left
e2014,va1007,noisy,Our new neighbors have a noisy but friendly dog.,,新しいお隣さんの犬は、うるさいけど人懐っこい。,,Ivy,,1,noisy,Ivy,,___________,,Our new neighbors have a noisy but friendly dog.,Our|new|neighbors|have|a|noisy|but|friendly|dog.,e2014-a.mp3,,1,Ivy,,right,none
e2015,va1008,history,History is my favorite subject this year.,I'm glad you find the stories interesting.,今年は歴史が一番好きな教科です。,物語を面白いと思ってくれてうれしいわ。,Ivy,Ruth,1,History,Ivy,Ruth,___________,I'm glad you find the stories interesting.,History is my favorite subject this year.,History|is|my|favorite|subject|this|year.,e2015-a.mp3,e2015-b.mp3,1,Ivy,Ruth.png,right,left
e2016,va1008,history,This old bridge has a long and interesting history.,,この古い橋には長くて興味深い歴史がある。,,Ivy,,1,history.,Ivy,,___________,,This old bridge has a long and interesting history.,This|old|bridge|has|a|long|and|interesting|history.,e2016-a.mp3,,1,Ivy,,right,none
e2017,va1009,succeed,"If you keep practicing, you'll succeed.","I hope so, the contest is next week.",練習を続ければ、きっと成功するわ。,そうだといいです、コンテストは来週なんです。,Ruth,Ivy,1,succeed.,Ruth,Ivy,___________,"I hope so, the contest is next week.","If you keep practicing, you'll succeed.","If|you|keep|practicing,|you'll|succeed.",e2017-a.mp3,e2017-b.mp3,1,Ruth.png,Ivy.png,left,right
e2018,va1009,succeed,I finally succeeded in fixing my old bike.,,古い自転車の修理にやっと成功した。,,Kevin,,1,succeeded,Kevin,,___________,,I finally succeeded in fixing my old bike.,I|finally|succeeded|in|fixing|my|old|bike.,e2018-a.mp3,,1,Kevin.png,,left,none
e2019,va1010,fiction,Do you read fiction or true stories?,"Mostly fiction, especially mysteries.",小説と実話、どっちを読むの？,ほとんど小説、特にミステリー。,Ivy,Kevin,1,fiction,Ivy,Kevin,___________,"Mostly fiction, especially mysteries.",Do you read fiction or true stories?,Do|you|read|fiction|or|true|stories?,e2019-a.mp3,e2019-b.mp3,1,Ivy,Kevin.png,right,left
e2020,va1010,fiction,The story felt so real that I forgot it was fiction.,,話がリアルすぎて、作り話だって忘れていた。,,Ivy,,1,fiction.,Ivy,,___________,,The story felt so real that I forgot it was fiction.,The|story|felt|so|real|that|I|forgot|it|was|fiction.,e2020-a.mp3,,1,Ivy,,right,none
e2021,va1011,fear,How can I get over my fear of speaking in public?,Start by talking to small groups.,人前で話すことへの恐怖は、どうやって克服できますか？,まず少人数の前で話すことから始めて。,Ivy,Ruth,1,fear,Ivy,Ruth,___________,Start by talking to small groups.,How can I get over my fear of speaking in public?,How|can|I|get|over|my|fear|of|speaking|in|public?,e2021-a.mp3,e2021-b.mp3,1,Ivy,Ruth.png,right,left
e2022,va1011,fear,My little brother has no fear of big dogs.,,弟は大きな犬をまったく怖がらない。,,Kevin,,1,fear,Kevin,,___________,,My little brother has no fear of big dogs.,My|little|brother|has|no|fear|of|big|dogs.,e2022-a.mp3,,1,Kevin.png,,left,none
e2023,va1012,edge,Don't put your cup so close to the edge.,"Oops, it almost fell.",コップをそんなに端に置かないで。,おっと、落ちそうだった。,Matthew,Ivy,1,edge.,Matthew,Ivy,___________,"Oops, it almost fell.",Don't put your cup so close to the edge.,Don't|put|your|cup|so|close|to|the|edge.,e2023-a.mp3,e2023-b.mp3,1,Matthew.png,Ivy.png,left,right
e2024,va1012,edge,We sat on the edge of the pool with our feet in the water.,,プールの縁に座って、足を水につけていた。,,Ivy,,1,edge,Ivy,,___________,,We sat on the edge of the pool with our feet in the water.,We|sat|on|the|edge|of|the|pool|with|our|feet|in|the|water.,e2024-a.mp3,,1,Ivy,,right,none
e2025,va1013,package,A package came for you this afternoon.,It must be the book I ordered!,今日の午後、君宛に小包が届いたよ。,注文した本に違いない！,Matthew,Ivy,1,package,Matthew,Ivy,___________,It must be the book I ordered!,A package came for you this afternoon.,A|package|came|for|you|this|afternoon.,e2025-a.mp3,e2025-b.mp3,1,Matthew.png,Ivy.png,left,right
e2026,va1013,package,The package was so small that I almost threw it away.,,小包が小さすぎて、うっかり捨てるところだった。,,Ivy,,1,package,Ivy,,___________,,The package was so small that I almost threw it away.,The|package|was|so|small|that|I|almost|threw|it|away.,e2026-a.mp3,,1,Ivy,,right,none
e2027,va1014,raise,Raise your hand if you have a question.,I have one about the homework.,質問がある人は手を挙げてください。,宿題について一つあります。,Ruth,Ivy,1,Raise,Ruth,Ivy,___________,I have one about the homework.,Raise your hand if you have a question.,Raise|your|hand|if|you|have|a|question.,e2027-a.mp3,e2027-b.mp3,1,Ruth.png,Ivy.png,left,right
e2028,va1014,raise,Our class raised money for the animal shelter.,,私たちのクラスは動物保護施設のためにお金を集めました。,,Ivy,,1,raised,Ivy,,___________,,Our class raised money for the animal shelter.,Our|class|raised|money|for|the|animal|shelter.,e2028-a.mp3,,1,Ivy,,right,none
e2029,va1015,nation,Each nation has its own flag and history.,Can we research one for homework?,それぞれの国に独自の国旗と歴史があります。,宿題で一つ調べてもいいですか？,Ruth,Ivy,1,nation,Ruth,Ivy,___________,Can we research one for homework?,Each nation has its own flag and history.,Each|nation|has|its|own|flag|and|history.,e2029-a.mp3,e2029-b.mp3,1,Ruth.png,Ivy.png,left,right
e2030,va1015,nation,The whole nation watched the final game on TV.,,国中が決勝戦をテレビで見た。,,Ivy,,1,nation,Ivy,,___________,,The whole nation watched the final game on TV.,The|whole|nation|watched|the|final|game|on|TV.,e2030-a.mp3,,1,Ivy,,right,none
e2031,va1016,support,Thanks for your support during the student election.,"You deserved to win, seriously.",生徒会選挙のとき応援してくれてありがとう。,君が勝って当然だったよ、本当に。,Ivy,Kevin,1,support,Ivy,Kevin,___________,"You deserved to win, seriously.",Thanks for your support during the student election.,Thanks|for|your|support|during|the|student|election.,e2031-a.mp3,e2031-b.mp3,1,Ivy,Kevin.png,right,left
e2032,va1016,support,Strong roots support the tree during storms.,,強い根が、嵐のあいだ木を支えています。,,Ruth,,1,support,Ruth,,___________,,Strong roots support the tree during storms.,Strong|roots|support|the|tree|during|storms.,e2032-a.mp3,,1,Ruth.png,,left,none
e2033,va1017,plastic,We use too many plastic bags at the store.,I always bring my own bag now.,お店でビニール袋を使いすぎだよね。,僕は今、いつもマイバッグを持ってるよ。,Ivy,Kevin,1,plastic,Ivy,Kevin,___________,I always bring my own bag now.,We use too many plastic bags at the store.,We|use|too|many|plastic|bags|at|the|store.,e2033-a.mp3,e2033-b.mp3,1,Ivy,Kevin.png,right,left
e2034,va1017,plastic,"The toy is made of hard plastic, so it won't break.",,そのおもちゃは硬いプラスチックでできているから壊れない。,,Ivy,,1,"plastic,",Ivy,,___________,,"The toy is made of hard plastic, so it won't break.","The|toy|is|made|of|hard|plastic,|so|it|won't|break.",e2034-a.mp3,,1,Ivy,,right,none
e2035,va1018,scientist,What do you want to be in the future?,A scientist who studies the ocean.,将来は何になりたいの？,海を研究する科学者です。,Ruth,Ivy,2,scientist,Ruth,Ivy,What do you want to be in the future?,___________,A scientist who studies the ocean.,A|scientist|who|studies|the|ocean.,e2035-a.mp3,e2035-b.mp3,1,Ruth.png,Ivy.png,left,right
e2036,va1018,scientist,The scientist spent ten years watching the same birds.,,その科学者は10年間、同じ鳥たちを観察した。,,Ivy,,1,scientist,Ivy,,___________,,The scientist spent ten years watching the same birds.,The|scientist|spent|ten|years|watching|the|same|birds.,e2036-a.mp3,,1,Ivy,,right,none
e2037,va1019,title,What's the title of your essay?,"I haven't decided yet, any ideas?",作文のタイトル何にしたの？,まだ決めてない、何かアイデアある？,Ivy,Kevin,1,title,Ivy,Kevin,___________,"I haven't decided yet, any ideas?",What's the title of your essay?,What's|the|title|of|your|essay?,e2037-a.mp3,e2037-b.mp3,1,Ivy,Kevin.png,right,left
e2038,va1019,title,The title of the book made me want to read it.,,その本のタイトルを見て読みたくなった。,,Ivy,,1,title,Ivy,,___________,,The title of the book made me want to read it.,The|title|of|the|book|made|me|want|to|read|it.,e2038-a.mp3,,1,Ivy,,right,none
e2039,va1020,arrest,"In the drama, the police finally arrested the thief.",I knew it was the gardener!,ドラマで、警察がついに泥棒を逮捕したよ。,庭師が犯人だと思ってた！,Ivy,Kevin,1,arrested,Ivy,Kevin,___________,I knew it was the gardener!,"In the drama, the police finally arrested the thief.","In|the|drama,|the|police|finally|arrested|the|thief.",e2039-a.mp3,e2039-b.mp3,1,Ivy,Kevin.png,right,left
e2040,va1020,arrest,The police can arrest someone who breaks the law.,,警察は法律を破った人を逮捕することができます。,,Ruth,,1,arrest,Ruth,,___________,,The police can arrest someone who breaks the law.,The|police|can|arrest|someone|who|breaks|the|law.,e2040-a.mp3,,1,Ruth.png,,left,none
e2041,va1021,modern,The new library looks so modern.,It even has robots that return the books.,新しい図書館、すごくモダンですね。,本を返却するロボットまでいるのよ。,Ivy,Ruth,1,modern.,Ivy,Ruth,___________,It even has robots that return the books.,The new library looks so modern.,The|new|library|looks|so|modern.,e2041-a.mp3,e2041-b.mp3,1,Ivy,Ruth.png,right,left
e2042,va1021,modern,Modern phones can do more than old computers could.,,現代のスマホは、昔のパソコンより多くのことができます。,,Ivy,,1,Modern,Ivy,,___________,,Modern phones can do more than old computers could.,Modern|phones|can|do|more|than|old|computers|could.,e2042-a.mp3,,1,Ivy,,right,none
e2043,va1022,break out,The First World War broke out in 1914.,That's more than a hundred years ago.,第一次世界大戦は1914年に始まりました。,100年以上前ですね。,Ruth,Ivy,1,broke|out,Ruth,Ivy,___________,That's more than a hundred years ago.,The First World War broke out in 1914.,The|First|World|War|broke|out|in|1914.,e2043-a.mp3,e2043-b.mp3,1,Ruth.png,Ivy.png,left,right
e2044,va1022,break out,"In the movie, the hero breaks out of the castle at night.",,映画の中で、主人公は夜に城から脱出する。,,Ivy,,1,breaks|out,Ivy,,___________,,"In the movie, the hero breaks out of the castle at night.","In|the|movie,|the|hero|breaks|out|of|the|castle|at|night.",e2044-a.mp3,,1,Ivy,,right,none
e2045,va1023,invite,I want to invite you to my birthday party.,"Thanks, I'll definitely be there.",誕生日パーティーに招待したいんだけど。,ありがとう、絶対行くよ。,Ivy,Kevin,1,invite,Ivy,Kevin,___________,"Thanks, I'll definitely be there.",I want to invite you to my birthday party.,I|want|to|invite|you|to|my|birthday|party.,e2045-a.mp3,e2045-b.mp3,1,Ivy,Kevin.png,right,left
e2046,va1023,invite,We invited our neighbors over for dinner on Sunday.,,日曜日にお隣さんを夕食に招いた。,,Ivy,,1,invited,Ivy,,___________,,We invited our neighbors over for dinner on Sunday.,We|invited|our|neighbors|over|for|dinner|on|Sunday.,e2046-a.mp3,,1,Ivy,,right,none
e2047,va1024,attitude,Your attitude in class has really improved.,"Thanks, I'm trying to take more notes.",授業中のあなたの態度、本当に良くなったわね。,ありがとうございます、もっとノートを取るようにしています。,Ruth,Ivy,1,attitude,Ruth,Ivy,___________,"Thanks, I'm trying to take more notes.",Your attitude in class has really improved.,Your|attitude|in|class|has|really|improved.,e2047-a.mp3,e2047-b.mp3,1,Ruth.png,Ivy.png,left,right
e2048,va1024,attitude,A positive attitude makes practice more fun.,,前向きな姿勢だと練習がもっと楽しくなる。,,Kevin,,1,attitude,Kevin,,___________,,A positive attitude makes practice more fun.,A|positive|attitude|makes|practice|more|fun.,e2048-a.mp3,,1,Kevin.png,,left,none
e2049,va1025,install,Can you help me install this game?,Only after your homework is done.,このゲームのインストール手伝ってくれる？,宿題が終わってからね。,Ivy,Matthew,1,install,Ivy,Matthew,___________,Only after your homework is done.,Can you help me install this game?,Can|you|help|me|install|this|game?,e2049-a.mp3,e2049-b.mp3,1,Ivy,Matthew.png,right,left
e2050,va1025,install,The school installed new lights in the gym.,,学校が体育館に新しい照明を取り付けた。,,Ivy,,1,installed,Ivy,,___________,,The school installed new lights in the gym.,The|school|installed|new|lights|in|the|gym.,e2050-a.mp3,,1,Ivy,,right,none
e2051,va1026,happening,What's happening in the hallway?,Someone dropped a box of balls.,廊下で何が起きてるの？,誰かがボールの箱を落としたんだ。,Ivy,Kevin,1,happening,Ivy,Kevin,___________,Someone dropped a box of balls.,What's happening in the hallway?,What's|happening|in|the|hallway?,e2051-a.mp3,e2051-b.mp3,1,Ivy,Kevin.png,right,left
e2052,va1026,happening,Something strange is happening to my plant's leaves.,,植物の葉っぱに何か変なことが起きている。,,Ivy,,1,happening,Ivy,,___________,,Something strange is happening to my plant's leaves.,Something|strange|is|happening|to|my|plant's|leaves.,e2052-a.mp3,,1,Ivy,,right,none
e2053,va1027,pack,Did you pack everything for the trip?,"Almost, I just need my toothbrush.",旅行の荷物は全部詰めた？,ほぼね、あとは歯ブラシだけ。,Matthew,Ivy,1,pack,Matthew,Ivy,___________,"Almost, I just need my toothbrush.",Did you pack everything for the trip?,Did|you|pack|everything|for|the|trip?,e2053-a.mp3,e2053-b.mp3,1,Matthew.png,Ivy.png,left,right
e2054,va1027,pack,I ate a whole pack of gum during the movie.,,映画の間にガムを1パック全部食べた。,,Kevin,,1,pack,Kevin,,___________,,I ate a whole pack of gum during the movie.,I|ate|a|whole|pack|of|gum|during|the|movie.,e2054-a.mp3,,1,Kevin.png,,left,none
e2055,va1028,angle,How big is this angle?,It looks like ninety degrees.,この角度はどれくらいですか？,90度に見えます。,Ruth,Ivy,1,angle?,Ruth,Ivy,___________,It looks like ninety degrees.,How big is this angle?,How|big|is|this|angle?,e2055-a.mp3,e2055-b.mp3,1,Ruth.png,Ivy.png,left,right
e2056,va1028,angle,Try taking the photo from a different angle.,,違う角度から写真を撮ってみて。,,Ivy,,1,angle.,Ivy,,___________,,Try taking the photo from a different angle.,Try|taking|the|photo|from|a|different|angle.,e2056-a.mp3,,1,Ivy,,right,none
e2057,va1029,useless,This umbrella is useless in this wind.,Let's just run to the station.,この風じゃこの傘は役に立たないね。,駅まで走っちゃおう。,Ivy,Kevin,1,useless,Ivy,Kevin,___________,Let's just run to the station.,This umbrella is useless in this wind.,This|umbrella|is|useless|in|this|wind.,e2057-a.mp3,e2057-b.mp3,1,Ivy,Kevin.png,right,left
e2058,va1029,useless,"I thought my old notes were useless, but they helped.",,昔のノートは役に立たないと思ってたけど、助かった。,,Ivy,,1,"useless,",Ivy,,___________,,"I thought my old notes were useless, but they helped.","I|thought|my|old|notes|were|useless,|but|they|helped.",e2058-a.mp3,,1,Ivy,,right,none
e2059,va1030,pale,"You look pale, are you feeling okay?",I skipped breakfast this morning.,顔色が悪いわね、大丈夫？,今朝、朝ごはんを抜いてしまって。,Ruth,Ivy,1,"pale,",Ruth,Ivy,___________,I skipped breakfast this morning.,"You look pale, are you feeling okay?","You|look|pale,|are|you|feeling|okay?",e2059-a.mp3,e2059-b.mp3,1,Ruth.png,Ivy.png,left,right
e2060,va1030,pale,I painted my room a pale blue color.,,部屋を淡い青色に塗った。,,Ivy,,1,pale,Ivy,,___________,,I painted my room a pale blue color.,I|painted|my|room|a|pale|blue|color.,e2060-a.mp3,,1,Ivy,,right,none
e2061,va1031,carry out,Today we'll carry out a simple experiment.,Do we need goggles for this one?,今日は簡単な実験を行います。,今回はゴーグルが必要ですか？,Ruth,Ivy,1,carry|out,Ruth,Ivy,___________,Do we need goggles for this one?,Today we'll carry out a simple experiment.,Today|we'll|carry|out|a|simple|experiment.,e2061-a.mp3,e2061-b.mp3,1,Ruth.png,Ivy.png,left,right
e2062,va1031,carry out,Our group carried out a survey about school lunches.,,私たちのグループは給食についてのアンケートを実施した。,,Ivy,,1,carried|out,Ivy,,___________,,Our group carried out a survey about school lunches.,Our|group|carried|out|a|survey|about|school|lunches.,e2062-a.mp3,,1,Ivy,,right,none
e2063,va1032,leader,Who's the leader of your group?,We haven't chosen one yet.,君のグループのリーダーは誰？,まだ決めてないんだ。,Ivy,Kevin,1,leader,Ivy,Kevin,___________,We haven't chosen one yet.,Who's the leader of your group?,Who's|the|leader|of|your|group?,e2063-a.mp3,e2063-b.mp3,1,Ivy,Kevin.png,right,left
e2064,va1032,leader,A good leader listens more than they talk.,,良いリーダーは、話すよりも多く耳を傾けます。,,Ruth,,1,leader,Ruth,,___________,,A good leader listens more than they talk.,A|good|leader|listens|more|than|they|talk.,e2064-a.mp3,,1,Ruth.png,,left,none
e2065,va1033,environment,How can we protect the environment at school?,Start by turning off lights you don't need.,学校で環境を守るにはどうすればいいですか？,使っていない電気を消すことから始めましょう。,Ivy,Ruth,1,environment,Ivy,Ruth,___________,Start by turning off lights you don't need.,How can we protect the environment at school?,How|can|we|protect|the|environment|at|school?,e2065-a.mp3,e2065-b.mp3,1,Ivy,Ruth.png,right,left
e2066,va1033,environment,I study better in a quiet environment.,,静かな環境のほうが勉強がはかどる。,,Ivy,,1,environment.,Ivy,,___________,,I study better in a quiet environment.,I|study|better|in|a|quiet|environment.,e2066-a.mp3,,1,Ivy,,right,none
e2067,va1034,medical,My sister wants to go to medical school.,That takes a lot of hard work.,姉は医学部に行きたいんです。,それはとても努力が必要ね。,Ivy,Ruth,1,medical,Ivy,Ruth,___________,That takes a lot of hard work.,My sister wants to go to medical school.,My|sister|wants|to|go|to|medical|school.,e2067-a.mp3,e2067-b.mp3,1,Ivy,Ruth.png,right,left
e2068,va1034,medical,We learned basic medical care in health class.,,保健の授業で基本的な応急手当を習った。,,Ivy,,1,medical,Ivy,,___________,,We learned basic medical care in health class.,We|learned|basic|medical|care|in|health|class.,e2068-a.mp3,,1,Ivy,,right,none
e2069,va1035,atom,Everything around us is made of atoms.,Even the air we breathe?,私たちの周りのものは、すべて原子でできています。,吸っている空気もですか？,Ruth,Ivy,1,atoms.,Ruth,Ivy,___________,Even the air we breathe?,Everything around us is made of atoms.,Everything|around|us|is|made|of|atoms.,e2069-a.mp3,e2069-b.mp3,1,Ruth.png,Ivy.png,left,right
e2070,va1035,atom,An atom is too small to see even with a microscope.,,原子は小さすぎて顕微鏡でも見えません。,,Ivy,,1,atom,Ivy,,___________,,An atom is too small to see even with a microscope.,An|atom|is|too|small|to|see|even|with|a|microscope.,e2070-a.mp3,,1,Ivy,,right,none
e2071,va1036,combination,Chocolate and banana is the best combination.,Add peanut butter and it's even better.,チョコとバナナは最高の組み合わせだよね。,ピーナッツバターを足すともっといいよ。,Ivy,Kevin,1,combination.,Ivy,Kevin,___________,Add peanut butter and it's even better.,Chocolate and banana is the best combination.,Chocolate|and|banana|is|the|best|combination.,e2071-a.mp3,e2071-b.mp3,1,Ivy,Kevin.png,right,left
e2072,va1036,combination,I forgot the combination for my bike lock.,,自転車の鍵の番号を忘れちゃった。,,Kevin,,1,combination,Kevin,,___________,,I forgot the combination for my bike lock.,I|forgot|the|combination|for|my|bike|lock.,e2072-a.mp3,,1,Kevin.png,,left,none
e2073,va1037,signal,My phone has no signal in the mountains.,Then let's enjoy the view instead.,山の中だとスマホの電波がない。,じゃあ代わりに景色を楽しもう。,Ivy,Kevin,1,signal,Ivy,Kevin,___________,Then let's enjoy the view instead.,My phone has no signal in the mountains.,My|phone|has|no|signal|in|the|mountains.,e2073-a.mp3,e2073-b.mp3,1,Ivy,Kevin.png,right,left
e2074,va1037,signal,Wait for my signal before you start running.,"Okay, we're ready.",私の合図を待ってから走り出してね。,はい、準備できています。,Ruth,Ivy,1,signal,Ruth,Ivy,___________,"Okay, we're ready.",Wait for my signal before you start running.,Wait|for|my|signal|before|you|start|running.,e2074-a.mp3,e2074-b.mp3,1,Ruth.png,Ivy.png,left,right
e2075,va1038,creation,Is this sculpture your own creation?,"Yes, I made it from recycled cans.",この彫刻はあなたの作品なの？,はい、リサイクルした缶で作りました。,Ruth,Ivy,1,creation?,Ruth,Ivy,___________,"Yes, I made it from recycled cans.",Is this sculpture your own creation?,Is|this|sculpture|your|own|creation?,e2075-a.mp3,e2075-b.mp3,1,Ruth.png,Ivy.png,left,right
e2076,va1038,creation,The creation of the park took more than ten years.,,その公園をつくるのに10年以上かかりました。,,Ivy,,1,creation,Ivy,,___________,,The creation of the park took more than ten years.,The|creation|of|the|park|took|more|than|ten|years.,e2076-a.mp3,,1,Ivy,,right,none
e2077,va1039,host,Who's going to host the party this year?,"We'll have it here, as usual.",今年のパーティーは誰が主催するの？,いつもどおりうちでやるよ。,Ivy,Matthew,1,host,Ivy,Matthew,___________,"We'll have it here, as usual.",Who's going to host the party this year?,Who's|going|to|host|the|party|this|year?,e2077-a.mp3,e2077-b.mp3,1,Ivy,Matthew.png,right,left
e2078,va1039,host,The host of the quiz show asked really hard questions.,,クイズ番組の司会者は本当に難しい質問をした。,,Ivy,,1,host,Ivy,,___________,,The host of the quiz show asked really hard questions.,The|host|of|the|quiz|show|asked|really|hard|questions.,e2078-a.mp3,,1,Ivy,,right,none
e2079,va1040,founder,The founder of our school was a doctor.,"I didn't know that, that's interesting.",本校の創立者はお医者さんでした。,知りませんでした、興味深いですね。,Ruth,Ivy,1,founder,Ruth,Ivy,___________,"I didn't know that, that's interesting.",The founder of our school was a doctor.,The|founder|of|our|school|was|a|doctor.,e2079-a.mp3,e2079-b.mp3,1,Ruth.png,Ivy.png,left,right
e2080,va1040,founder,The founder of the company started it in his garage.,,その会社の創業者は、自宅の車庫で会社を始めました。,,Ivy,,1,founder,Ivy,,___________,,The founder of the company started it in his garage.,The|founder|of|the|company|started|it|in|his|garage.,e2080-a.mp3,,1,Ivy,,right,none
e2081,va1041,recover,Did you recover from your cold?,"Mostly, but my voice is still weak.",風邪は治った？,ほぼね、でもまだ声が出にくい。,Kevin,Ivy,1,recover,Kevin,Ivy,___________,"Mostly, but my voice is still weak.",Did you recover from your cold?,Did|you|recover|from|your|cold?,e2081-a.mp3,e2081-b.mp3,1,Kevin.png,Ivy.png,left,right
e2082,va1041,recover,It took me a week to recover after the marathon.,,マラソンのあと回復するのに1週間かかった。,,Kevin,,1,recover,Kevin,,___________,,It took me a week to recover after the marathon.,It|took|me|a|week|to|recover|after|the|marathon.,e2082-a.mp3,,1,Kevin.png,,left,none
e2083,va1042,devote,How much time do you devote to practice?,About an hour every day.,練習にどれくらい時間を充てているの？,毎日1時間くらいです。,Ruth,Ivy,1,devote,Ruth,Ivy,___________,About an hour every day.,How much time do you devote to practice?,How|much|time|do|you|devote|to|practice?,e2083-a.mp3,e2083-b.mp3,1,Ruth.png,Ivy.png,left,right
e2084,va1042,devote,She devoted her life to helping sick animals.,,彼女は病気の動物を助けることに人生を捧げました。,,Ivy,,1,devoted,Ivy,,___________,,She devoted her life to helping sick animals.,She|devoted|her|life|to|helping|sick|animals.,e2084-a.mp3,,1,Ivy,,right,none
e2085,va1043,instruction,This shelf is so hard to build.,Did you read the instructions first?,この棚、組み立てるのすごく難しい。,先に説明書は読んだ？,Ivy,Matthew,2,instructions,Ivy,Matthew,This shelf is so hard to build.,___________,Did you read the instructions first?,Did|you|read|the|instructions|first?,e2085-a.mp3,e2085-b.mp3,1,Ivy,Matthew.png,right,left
e2086,va1043,instruction,Follow each instruction carefully before you begin.,,始める前に、指示を一つずつよく確認してください。,,Ruth,,1,instruction,Ruth,,___________,,Follow each instruction carefully before you begin.,Follow|each|instruction|carefully|before|you|begin.,e2086-a.mp3,,1,Ruth.png,,left,none
e2087,va1044,preparation,How's the preparation for the festival going?,We still need to paint the sign.,学園祭の準備はどう？,まだ看板を塗らないといけない。,Ivy,Kevin,1,preparation,Ivy,Kevin,___________,We still need to paint the sign.,How's the preparation for the festival going?,How's|the|preparation|for|the|festival|going?,e2087-a.mp3,e2087-b.mp3,1,Ivy,Kevin.png,right,left
e2088,va1044,preparation,Good preparation is the key to a good speech.,,よい準備こそが、よいスピーチの鍵です。,,Ruth,,1,preparation,Ruth,,___________,,Good preparation is the key to a good speech.,Good|preparation|is|the|key|to|a|good|speech.,e2088-a.mp3,,1,Ruth.png,,left,none
e2089,va1045,quality,"This bag is cheap, but the quality is poor.",Then let's look at the other one.,このカバンは安いけど、品質が悪いね。,じゃあもう一つのほうを見よう。,Matthew,Ivy,1,quality,Matthew,Ivy,___________,Then let's look at the other one.,"This bag is cheap, but the quality is poor.","This|bag|is|cheap,|but|the|quality|is|poor.",e2089-a.mp3,e2089-b.mp3,1,Matthew.png,Ivy.png,left,right
e2090,va1045,quality,I think quality matters more than the number of friends.,,友達は数より質が大事だと思う。,,Ivy,,1,quality,Ivy,,___________,,I think quality matters more than the number of friends.,I|think|quality|matters|more|than|the|number|of|friends.,e2090-a.mp3,,1,Ivy,,right,none
e2091,va1046,disability,The new ramp helps people with a disability enter easily.,It helps people with strollers too.,新しいスロープは、障がいのある人が入りやすくなるよう手助けします。,ベビーカーの人にも便利ですね。,Ruth,Ivy,1,disability,Ruth,Ivy,___________,It helps people with strollers too.,The new ramp helps people with a disability enter easily.,The|new|ramp|helps|people|with|a|disability|enter|easily.,e2091-a.mp3,e2091-b.mp3,1,Ruth.png,Ivy.png,left,right
e2092,va1046,disability,The athlete did not let her disability stop her dream.,,その選手は、障がいを理由に夢をあきらめなかった。,,Ivy,,1,disability,Ivy,,___________,,The athlete did not let her disability stop her dream.,The|athlete|did|not|let|her|disability|stop|her|dream.,e2092-a.mp3,,1,Ivy,,right,none
e2093,va1047,horizon,"Look, a ship on the horizon!",It's probably heading to the port.,見て、水平線に船がいる！,たぶん港に向かってるんだね。,Ivy,Matthew,1,horizon!,Ivy,Matthew,___________,It's probably heading to the port.,"Look, a ship on the horizon!","Look,|a|ship|on|the|horizon!",e2093-a.mp3,e2093-b.mp3,1,Ivy,Matthew.png,right,left
e2094,va1047,horizon,The sun slowly disappeared below the horizon.,,太陽がゆっくりと地平線の下に消えていった。,,Ivy,,1,horizon.,Ivy,,___________,,The sun slowly disappeared below the horizon.,The|sun|slowly|disappeared|below|the|horizon.,e2094-a.mp3,,1,Ivy,,right,none
e2095,va1048,equality,Today's topic is equality between men and women.,I have a lot to say about that.,今日のテーマは男女の平等です。,それについて言いたいことがたくさんあります。,Ruth,Ivy,1,equality,Ruth,Ivy,___________,I have a lot to say about that.,Today's topic is equality between men and women.,Today's|topic|is|equality|between|men|and|women.,e2095-a.mp3,e2095-b.mp3,1,Ruth.png,Ivy.png,left,right
e2096,va1048,equality,Equality means everyone gets the same chances.,,平等とは、全員が同じ機会を得られることです。,,Ivy,,1,Equality,Ivy,,___________,,Equality means everyone gets the same chances.,Equality|means|everyone|gets|the|same|chances.,e2096-a.mp3,,1,Ivy,,right,none
e2097,va1049,safety,"For safety, wear a helmet when you ride your bike.","I always do, even on short trips.",安全のため、自転車に乗るときはヘルメットをかぶってね。,近くに行くときもいつもかぶっています。,Ruth,Ivy,1,"safety,",Ruth,Ivy,___________,"I always do, even on short trips.","For safety, wear a helmet when you ride your bike.","For|safety,|wear|a|helmet|when|you|ride|your|bike.",e2097-a.mp3,e2097-b.mp3,1,Ruth.png,Ivy.png,left,right
e2098,va1049,safety,The safety of the students comes first on school trips.,,校外学習では、生徒の安全が最優先です。,,Ruth,,1,safety,Ruth,,___________,,The safety of the students comes first on school trips.,The|safety|of|the|students|comes|first|on|school|trips.,e2098-a.mp3,,1,Ruth.png,,left,none
e2099,va1050,minor,Is the scratch on the car bad?,"No, it's just a minor one.",車の傷、ひどいの？,いや、ほんの小さな傷だよ。,Ivy,Matthew,2,minor,Ivy,Matthew,Is the scratch on the car bad?,___________,"No, it's just a minor one.","No,|it's|just|a|minor|one.",e2099-a.mp3,e2099-b.mp3,1,Ivy,Matthew.png,right,left
e2100,va1050,minor,I made a few minor changes to my speech.,,スピーチに少しだけ手を加えた。,,Kevin,,1,minor,Kevin,,___________,,I made a few minor changes to my speech.,I|made|a|few|minor|changes|to|my|speech.,e2100-a.mp3,,1,Kevin.png,,left,none
e2101,va1051,vary,How long does the bus take to get there?,"It varies, depending on the traffic.",そこまでバスでどれくらいかかりますか？,交通状況によって変わるわね。,Ivy,Ruth,2,"varies,",Ivy,Ruth,How long does the bus take to get there?,___________,"It varies, depending on the traffic.","It|varies,|depending|on|the|traffic.",e2101-a.mp3,e2101-b.mp3,1,Ivy,Ruth.png,right,left
e2102,va1051,vary,Prices at the market vary from day to day.,,市場の値段は日によって変わる。,,Ivy,,1,vary,Ivy,,___________,,Prices at the market vary from day to day.,Prices|at|the|market|vary|from|day|to|day.,e2102-a.mp3,,1,Ivy,,right,none
e2103,va1052,politics,Why do adults talk about politics so much?,Because it affects our daily lives.,大人ってどうしてそんなに政治の話をするの？,毎日の生活に関わってくるからだよ。,Ivy,Matthew,1,politics,Ivy,Matthew,___________,Because it affects our daily lives.,Why do adults talk about politics so much?,Why|do|adults|talk|about|politics|so|much?,e2103-a.mp3,e2103-b.mp3,1,Ivy,Matthew.png,right,left
e2104,va1052,politics,My brother became interested in politics at university.,,兄は大学で政治に興味を持つようになった。,,Kevin,,1,politics,Kevin,,___________,,My brother became interested in politics at university.,My|brother|became|interested|in|politics|at|university.,e2104-a.mp3,,1,Kevin.png,,left,none
e2105,va1053,largely,The plan's success was largely thanks to your team.,"Everyone worked hard, not just me.",計画の成功は、主にあなたたちのチームのおかげです。,私だけじゃなく、みんな頑張りました。,Ruth,Ivy,1,largely,Ruth,Ivy,___________,"Everyone worked hard, not just me.",The plan's success was largely thanks to your team.,The|plan's|success|was|largely|thanks|to|your|team.,e2105-a.mp3,e2105-b.mp3,1,Ruth.png,Ivy.png,left,right
e2106,va1053,largely,"The desert is largely empty, but some animals live there.",,砂漠はほとんど何もないけれど、そこに住む動物もいます。,,Ivy,,1,largely,Ivy,,___________,,"The desert is largely empty, but some animals live there.","The|desert|is|largely|empty,|but|some|animals|live|there.",e2106-a.mp3,,1,Ivy,,right,none
e2107,va1054,suit,Are you wearing a suit today?,"Yes, I have an important meeting.",今日はスーツ着てるの？,うん、大事な会議があるんだ。,Ivy,Matthew,1,suit,Ivy,Matthew,___________,"Yes, I have an important meeting.",Are you wearing a suit today?,Are|you|wearing|a|suit|today?,e2107-a.mp3,e2107-b.mp3,1,Ivy,Matthew.png,right,left
e2108,va1054,suit,Would Thursday afternoon suit you for the interview?,That works perfectly for me.,インタビューは木曜の午後でご都合いかがですか？,私にはちょうどいいわ。,Ivy,Ruth,1,suit,Ivy,Ruth,___________,That works perfectly for me.,Would Thursday afternoon suit you for the interview?,Would|Thursday|afternoon|suit|you|for|the|interview?,e2108-a.mp3,e2108-b.mp3,1,Ivy,Ruth.png,right,left
e2109,va1055,robber,"In the story, the robber leaves a thank-you note.",That's the strangest robber I've heard of.,その話では、強盗がお礼のメモを残していくんだ。,そんな変な強盗、聞いたことないよ。,Ivy,Kevin,1,robber,Ivy,Kevin,___________,That's the strangest robber I've heard of.,"In the story, the robber leaves a thank-you note.","In|the|story,|the|robber|leaves|a|thank-you|note.",e2109-a.mp3,e2109-b.mp3,1,Ivy,Kevin.png,right,left
e2110,va1055,robber,The robber in the school play was actually my best friend.,,学校の劇の強盗役は、実は私の親友だった。,,Ivy,,1,robber,Ivy,,___________,,The robber in the school play was actually my best friend.,The|robber|in|the|school|play|was|actually|my|best|friend.,e2110-a.mp3,,1,Ivy,,right,none
e2111,va1056,pollution,What causes air pollution in big cities?,"Mostly cars and factories, I think.",大都市の大気汚染の原因は何ですか？,主に車と工場だと思います。,Ruth,Ivy,1,pollution,Ruth,Ivy,___________,"Mostly cars and factories, I think.",What causes air pollution in big cities?,What|causes|air|pollution|in|big|cities?,e2111-a.mp3,e2111-b.mp3,1,Ruth.png,Ivy.png,left,right
e2112,va1056,pollution,Plastic pollution is a serious problem for sea turtles.,,プラスチック汚染はウミガメにとって深刻な問題です。,,Ivy,,1,pollution,Ivy,,___________,,Plastic pollution is a serious problem for sea turtles.,Plastic|pollution|is|a|serious|problem|for|sea|turtles.,e2112-a.mp3,,1,Ivy,,right,none
e2113,va1057,gap,Mind the gap between the train and the platform.,"Got it, I'll step carefully.",電車とホームの隙間に気をつけて。,わかった、慎重に乗るね。,Matthew,Ivy,1,gap,Matthew,Ivy,___________,"Got it, I'll step carefully.",Mind the gap between the train and the platform.,Mind|the|gap|between|the|train|and|the|platform.,e2113-a.mp3,e2113-b.mp3,1,Matthew.png,Ivy.png,left,right
e2114,va1057,gap,There's a big gap between my math and English scores.,,数学と英語の点数に大きな差がある。,,Ivy,,1,gap,Ivy,,___________,,There's a big gap between my math and English scores.,There's|a|big|gap|between|my|math|and|English|scores.,e2114-a.mp3,,1,Ivy,,right,none
e2115,va1058,intelligence,Do you think artificial intelligence can write stories?,"Maybe, but not as well as people.",人工知能って物語を書けると思う？,たぶんね、でも人ほど上手くはないよ。,Ivy,Kevin,1,intelligence,Ivy,Kevin,___________,"Maybe, but not as well as people.",Do you think artificial intelligence can write stories?,Do|you|think|artificial|intelligence|can|write|stories?,e2115-a.mp3,e2115-b.mp3,1,Ivy,Kevin.png,right,left
e2116,va1058,intelligence,Crows show surprising intelligence when they use tools.,,カラスは道具を使うとき、驚くほどの知能を見せます。,,Ivy,,1,intelligence,Ivy,,___________,,Crows show surprising intelligence when they use tools.,Crows|show|surprising|intelligence|when|they|use|tools.,e2116-a.mp3,,1,Ivy,,right,none
e2117,va1059,unfold,Unfold the map and find our school.,"It's right here, next to the river.",地図を広げて、私たちの学校を探して。,ここです、川のすぐ隣です。,Ruth,Ivy,1,Unfold,Ruth,Ivy,___________,"It's right here, next to the river.",Unfold the map and find our school.,Unfold|the|map|and|find|our|school.,e2117-a.mp3,e2117-b.mp3,1,Ruth.png,Ivy.png,left,right
e2118,va1059,unfold,"The story unfolds slowly, but the ending is worth it.",,物語はゆっくり展開するけど、結末は読む価値がある。,,Ivy,,1,unfolds,Ivy,,___________,,"The story unfolds slowly, but the ending is worth it.","The|story|unfolds|slowly,|but|the|ending|is|worth|it.",e2118-a.mp3,,1,Ivy,,right,none
e2119,va1060,purpose,What is the purpose of this experiment?,To see how light affects plant growth.,この実験の目的は何ですか？,光が植物の成長にどう影響するかを調べることです。,Ruth,Ivy,1,purpose,Ruth,Ivy,___________,To see how light affects plant growth.,What is the purpose of this experiment?,What|is|the|purpose|of|this|experiment?,e2119-a.mp3,e2119-b.mp3,1,Ruth.png,Ivy.png,left,right
e2120,va1060,purpose,Did you break it on purpose?,"No, it was an accident, I promise!",わざと壊したの？,違う、事故だよ、本当に！,Ivy,Kevin,1,purpose?,Ivy,Kevin,___________,"No, it was an accident, I promise!",Did you break it on purpose?,Did|you|break|it|on|purpose?,e2120-a.mp3,e2120-b.mp3,1,Ivy,Kevin.png,right,left
e2121,va1061,squeeze,Squeeze half a lemon into the tea.,It's too sour for me.,紅茶にレモンを半分絞って入れて。,私には酸っぱすぎる。,Matthew,Ivy,1,Squeeze,Matthew,Ivy,___________,It's too sour for me.,Squeeze half a lemon into the tea.,Squeeze|half|a|lemon|into|the|tea.,e2121-a.mp3,e2121-b.mp3,1,Matthew.png,Ivy.png,left,right
e2122,va1061,squeeze,Five of us squeezed into the back seat of the car.,,5人で車の後部座席にぎゅうぎゅうに乗り込んだ。,,Ivy,,1,squeezed,Ivy,,___________,,Five of us squeezed into the back seat of the car.,Five|of|us|squeezed|into|the|back|seat|of|the|car.,e2122-a.mp3,,1,Ivy,,right,none
e2123,va1062,steep,This hill is so steep!,Let's push our bikes up.,この坂、すごく急だね！,自転車押して上ろう。,Ivy,Kevin,1,steep!,Ivy,Kevin,___________,Let's push our bikes up.,This hill is so steep!,This|hill|is|so|steep!,e2123-a.mp3,e2123-b.mp3,1,Ivy,Kevin.png,right,left
e2124,va1062,steep,The path to the top was steep and narrow.,,頂上への道は急で狭かった。,,Kevin,,1,steep,Kevin,,___________,,The path to the top was steep and narrow.,The|path|to|the|top|was|steep|and|narrow.,e2124-a.mp3,,1,Kevin.png,,left,none
e2125,va1063,fade-out,How should the song end?,Let's use a slow fade-out at the end.,曲の終わり方、どうする？,最後はゆっくりフェードアウトさせよう。,Ivy,Kevin,2,fade-out,Ivy,Kevin,How should the song end?,___________,Let's use a slow fade-out at the end.,Let's|use|a|slow|fade-out|at|the|end.,e2125-a.mp3,e2125-b.mp3,1,Ivy,Kevin.png,right,left
e2126,va1063,fade-out,The movie ends with a long fade-out to black.,,その映画は、ゆっくり暗くなるフェードアウトで終わる。,,Ivy,,1,fade-out,Ivy,,___________,,The movie ends with a long fade-out to black.,The|movie|ends|with|a|long|fade-out|to|black.,e2126-a.mp3,,1,Ivy,,right,none
e2127,va1064,social,How much time do you spend on social media?,"Probably too much, to be honest.",ソーシャルメディアにどれくらい時間を使っていますか？,正直、たぶん使いすぎです。,Ruth,Ivy,1,social,Ruth,Ivy,___________,"Probably too much, to be honest.",How much time do you spend on social media?,How|much|time|do|you|spend|on|social|media?,e2127-a.mp3,e2127-b.mp3,1,Ruth.png,Ivy.png,left,right
e2128,va1064,social,Social problems like poverty affect children too.,,貧困のような社会問題は、子どもにも影響します。,,Ivy,,1,Social,Ivy,,___________,,Social problems like poverty affect children too.,Social|problems|like|poverty|affect|children|too.,e2128-a.mp3,,1,Ivy,,right,none
e2129,va1065,cleanly,Cut the paper cleanly along the line.,These scissors are too dull.,線に沿って紙をきれいに切ってね。,このはさみ、切れ味が悪すぎるよ。,Matthew,Ivy,1,cleanly,Matthew,Ivy,___________,These scissors are too dull.,Cut the paper cleanly along the line.,Cut|the|paper|cleanly|along|the|line.,e2129-a.mp3,e2129-b.mp3,1,Matthew.png,Ivy.png,left,right
e2130,va1065,cleanly,The glass broke cleanly into two pieces.,,グラスはきれいに真っ二つに割れた。,,Kevin,,1,cleanly,Kevin,,___________,,The glass broke cleanly into two pieces.,The|glass|broke|cleanly|into|two|pieces.,e2130-a.mp3,,1,Kevin.png,,left,none
e2131,va1066,budget,What's our budget for the class party?,About three thousand yen in total.,クラスのパーティーの予算っていくら？,全部で3千円くらい。,Ivy,Kevin,1,budget,Ivy,Kevin,___________,About three thousand yen in total.,What's our budget for the class party?,What's|our|budget|for|the|class|party?,e2131-a.mp3,e2131-b.mp3,1,Ivy,Kevin.png,right,left
e2132,va1066,budget,We need to stay within our budget this month.,,今月は予算内に収めないといけない。,,Matthew,,1,budget,Matthew,,___________,,We need to stay within our budget this month.,We|need|to|stay|within|our|budget|this|month.,e2132-a.mp3,,1,Matthew.png,,left,none
e2133,va1067,category,Which category did you enter in the art contest?,The painting category.,絵のコンテストはどの部門に応募したの？,絵画部門です。,Ruth,Ivy,1,category,Ruth,Ivy,___________,The painting category.,Which category did you enter in the art contest?,Which|category|did|you|enter|in|the|art|contest?,e2133-a.mp3,e2133-b.mp3,1,Ruth.png,Ivy.png,left,right
e2134,va1067,category,I sorted my books into three categories.,,本を3つのカテゴリーに分けた。,,Ivy,,1,categories.,Ivy,,___________,,I sorted my books into three categories.,I|sorted|my|books|into|three|categories.,e2134-a.mp3,,1,Ivy,,right,none
e2135,va1068,puzzling,The ending of the movie was puzzling.,I think there'll be a second one.,映画の結末、よく分からなかった。,続編があるんだと思う。,Ivy,Kevin,1,puzzling.,Ivy,Kevin,___________,I think there'll be a second one.,The ending of the movie was puzzling.,The|ending|of|the|movie|was|puzzling.,e2135-a.mp3,e2135-b.mp3,1,Ivy,Kevin.png,right,left
e2136,va1068,puzzling,It's puzzling that the plant grew faster in the dark.,,その植物が暗い場所のほうが速く育ったのは不思議です。,,Ruth,,1,puzzling,Ruth,,___________,,It's puzzling that the plant grew faster in the dark.,It's|puzzling|that|the|plant|grew|faster|in|the|dark.,e2136-a.mp3,,1,Ruth.png,,left,none
e2137,va1069,popularity,The popularity of that game is crazy right now.,Everyone in my class plays it.,今あのゲームの人気、すごいよね。,クラスのみんながやってるよ。,Ivy,Kevin,1,popularity,Ivy,Kevin,___________,Everyone in my class plays it.,The popularity of that game is crazy right now.,The|popularity|of|that|game|is|crazy|right|now.,e2137-a.mp3,e2137-b.mp3,1,Ivy,Kevin.png,right,left
e2138,va1069,popularity,Cycling has grown in popularity in our town.,,私たちの町では、自転車の人気が高まっています。,,Ivy,,1,popularity,Ivy,,___________,,Cycling has grown in popularity in our town.,Cycling|has|grown|in|popularity|in|our|town.,e2138-a.mp3,,1,Ivy,,right,none
e2139,va1070,elementary,Which elementary school did you go to?,The one near the big park.,どこの小学校に行ってた？,大きな公園の近くのとこ。,Ivy,Kevin,1,elementary,Ivy,Kevin,___________,The one near the big park.,Which elementary school did you go to?,Which|elementary|school|did|you|go|to?,e2139-a.mp3,e2139-b.mp3,1,Ivy,Kevin.png,right,left
e2140,va1070,elementary,My sister is still in elementary school.,,妹はまだ小学生だ。,,Ivy,,1,elementary,Ivy,,___________,,My sister is still in elementary school.,My|sister|is|still|in|elementary|school.,e2140-a.mp3,,1,Ivy,,right,none
e2141,va1071,recall,Can you recall what we learned last week?,Something about how volcanoes form.,先週習ったことを思い出せますか？,火山ができる仕組みについてです。,Ruth,Ivy,1,recall,Ruth,Ivy,___________,Something about how volcanoes form.,Can you recall what we learned last week?,Can|you|recall|what|we|learned|last|week?,e2141-a.mp3,e2141-b.mp3,1,Ruth.png,Ivy.png,left,right
e2142,va1071,recall,I can't recall where I put my keys.,,鍵をどこに置いたか思い出せない。,,Ivy,,1,recall,Ivy,,___________,,I can't recall where I put my keys.,I|can't|recall|where|I|put|my|keys.,e2142-a.mp3,,1,Ivy,,right,none
e2143,va1072,construction,Why is the road closed?,There's construction work until next month.,どうして道が通行止めなの？,来月まで工事があるんだよ。,Ivy,Matthew,2,construction,Ivy,Matthew,Why is the road closed?,___________,There's construction work until next month.,There's|construction|work|until|next|month.,e2143-a.mp3,e2143-b.mp3,1,Ivy,Matthew.png,right,left
e2144,va1072,construction,The construction of the new station started this spring.,,新しい駅の建設が今年の春に始まった。,,Ivy,,1,construction,Ivy,,___________,,The construction of the new station started this spring.,The|construction|of|the|new|station|started|this|spring.,e2144-a.mp3,,1,Ivy,,right,none
e2145,va1073,job seeker,Who are all those people in suits?,They're job seekers at a career fair.,スーツを着たあの人たちは誰？,就職説明会に来た求職者たちだよ。,Ivy,Matthew,2,job|seekers,Ivy,Matthew,Who are all those people in suits?,___________,They're job seekers at a career fair.,They're|job|seekers|at|a|career|fair.,e2145-a.mp3,e2145-b.mp3,1,Ivy,Matthew.png,right,left
e2146,va1073,job seeker,This website helps each job seeker find the right work.,,このウェブサイトは、求職者一人ひとりが合う仕事を見つける手助けをします。,,Ruth,,1,job|seeker,Ruth,,___________,,This website helps each job seeker find the right work.,This|website|helps|each|job|seeker|find|the|right|work.,e2146-a.mp3,,1,Ruth.png,,left,none
e2147,va1074,concern,I have a concern about the trip schedule.,"Please tell me, what's worrying you?",旅行の日程について気になることがあります。,教えて、何が心配なの？,Ivy,Ruth,1,concern,Ivy,Ruth,___________,"Please tell me, what's worrying you?",I have a concern about the trip schedule.,I|have|a|concern|about|the|trip|schedule.,e2147-a.mp3,e2147-b.mp3,1,Ivy,Ruth.png,right,left
e2148,va1074,concern,Climate change is a big concern for young people.,,気候変動は若者にとって大きな懸念だ。,,Ivy,,1,concern,Ivy,,___________,,Climate change is a big concern for young people.,Climate|change|is|a|big|concern|for|young|people.,e2148-a.mp3,,1,Ivy,,right,none
e2149,va1075,fortunate,We were fortunate to have such good weather.,It was perfect for the sports day.,こんなに良い天気に恵まれて幸運でしたね。,体育祭にぴったりでした。,Ruth,Ivy,1,fortunate,Ruth,Ivy,___________,It was perfect for the sports day.,We were fortunate to have such good weather.,We|were|fortunate|to|have|such|good|weather.,e2149-a.mp3,e2149-b.mp3,1,Ruth.png,Ivy.png,left,right
e2150,va1075,fortunate,I feel fortunate to have friends who listen to me.,,話を聞いてくれる友達がいて、私は恵まれていると思う。,,Ivy,,1,fortunate,Ivy,,___________,,I feel fortunate to have friends who listen to me.,I|feel|fortunate|to|have|friends|who|listen|to|me.,e2150-a.mp3,,1,Ivy,,right,none
e2151,va1076,applicant,How many people applied for the job?,"Over fifty applicants, can you believe it?",その仕事にどれくらい応募があったの？,50人以上の応募者だよ、信じられる？,Ivy,Matthew,2,"applicants,",Ivy,Matthew,How many people applied for the job?,___________,"Over fifty applicants, can you believe it?","Over|fifty|applicants,|can|you|believe|it?",e2151-a.mp3,e2151-b.mp3,1,Ivy,Matthew.png,right,left
e2152,va1076,applicant,Each applicant must write a short essay.,,応募者はそれぞれ短い作文を書かなければなりません。,,Ruth,,1,applicant,Ruth,,___________,,Each applicant must write a short essay.,Each|applicant|must|write|a|short|essay.,e2152-a.mp3,,1,Ruth.png,,left,none
e2153,va1077,loyalty,Dogs are famous for their loyalty.,Mine waits by the door every day.,犬は忠誠心で有名だよね。,うちの犬は毎日ドアのそばで待ってるよ。,Ivy,Kevin,1,loyalty.,Ivy,Kevin,___________,Mine waits by the door every day.,Dogs are famous for their loyalty.,Dogs|are|famous|for|their|loyalty.,e2153-a.mp3,e2153-b.mp3,1,Ivy,Kevin.png,right,left
e2154,va1077,loyalty,The book is about loyalty between two old friends.,,その本は、二人の旧友の変わらない絆についての話です。,,Ivy,,1,loyalty,Ivy,,___________,,The book is about loyalty between two old friends.,The|book|is|about|loyalty|between|two|old|friends.,e2154-a.mp3,,1,Ivy,,right,none
e2155,va1078,site,The camp site is next to a small lake.,Can we swim there?,キャンプ場は小さな湖の隣にあります。,泳げますか？,Ruth,Ivy,1,site,Ruth,Ivy,___________,Can we swim there?,The camp site is next to a small lake.,The|camp|site|is|next|to|a|small|lake.,e2155-a.mp3,e2155-b.mp3,1,Ruth.png,Ivy.png,left,right
e2156,va1078,site,This site was a castle four hundred years ago.,,この場所は400年前、お城でした。,,Ivy,,1,site,Ivy,,___________,,This site was a castle four hundred years ago.,This|site|was|a|castle|four|hundred|years|ago.,e2156-a.mp3,,1,Ivy,,right,none
e2157,va1079,shallow,Stay in the shallow part of the river.,"Okay, I won't go past my knees.",川の浅いところにいてね。,わかった、ひざより深いところには行かない。,Matthew,Ivy,1,shallow,Matthew,Ivy,___________,"Okay, I won't go past my knees.",Stay in the shallow part of the river.,Stay|in|the|shallow|part|of|the|river.,e2157-a.mp3,e2157-b.mp3,1,Matthew.png,Ivy.png,left,right
e2158,va1079,shallow,"The pond looks deep, but it's actually shallow.",,その池は深そうに見えて、実は浅い。,,Ivy,,1,shallow.,Ivy,,___________,,"The pond looks deep, but it's actually shallow.","The|pond|looks|deep,|but|it's|actually|shallow.",e2158-a.mp3,,1,Ivy,,right,none
e2159,va1080,persuade,How did you persuade your parents to get a dog?,I promised to walk it every day.,どうやって親を説得して犬を飼ってもらったの？,毎日散歩させるって約束したんだ。,Ivy,Kevin,1,persuade,Ivy,Kevin,___________,I promised to walk it every day.,How did you persuade your parents to get a dog?,How|did|you|persuade|your|parents|to|get|a|dog?,e2159-a.mp3,e2159-b.mp3,1,Ivy,Kevin.png,right,left
e2160,va1080,persuade,A good speech can persuade people to change.,,良いスピーチは、人の心を動かして変えることができます。,,Ruth,,1,persuade,Ruth,,___________,,A good speech can persuade people to change.,A|good|speech|can|persuade|people|to|change.,e2160-a.mp3,,1,Ruth.png,,left,none
e2161,va1081,accompany,Can someone accompany me to the nurse's office?,I'll go with you.,誰か保健室まで一緒に来てもらえますか？,私が一緒に行くわ。,Ivy,Ruth,1,accompany,Ivy,Ruth,___________,I'll go with you.,Can someone accompany me to the nurse's office?,Can|someone|accompany|me|to|the|nurse's|office?,e2161-a.mp3,e2161-b.mp3,1,Ivy,Ruth.png,right,left
e2162,va1081,accompany,I accompanied my grandfather to the hospital.,,祖父に付き添って病院に行った。,,Kevin,,1,accompanied,Kevin,,___________,,I accompanied my grandfather to the hospital.,I|accompanied|my|grandfather|to|the|hospital.,e2162-a.mp3,,1,Kevin.png,,left,none
e2163,va1082,warn,I warned you the soup was hot.,"I know, I should have waited.",スープ熱いって注意したでしょ。,うん、待てばよかった。,Matthew,Ivy,1,warned,Matthew,Ivy,___________,"I know, I should have waited.",I warned you the soup was hot.,I|warned|you|the|soup|was|hot.,e2163-a.mp3,e2163-b.mp3,1,Matthew.png,Ivy.png,left,right
e2164,va1082,warn,The sign warns people not to swim here.,,その看板は、ここで泳がないよう注意を呼びかけています。,,Ruth,,1,warns,Ruth,,___________,,The sign warns people not to swim here.,The|sign|warns|people|not|to|swim|here.,e2164-a.mp3,,1,Ruth.png,,left,none
e2165,va1083,tempt,"Don't tempt me, I need to finish my homework first.",Just one game won't take long.,誘惑しないで、先に宿題を終わらせないと。,1回くらいすぐ終わるって。,Ivy,Kevin,1,tempt,Ivy,Kevin,___________,Just one game won't take long.,"Don't tempt me, I need to finish my homework first.","Don't|tempt|me,|I|need|to|finish|my|homework|first.",e2165-a.mp3,e2165-b.mp3,1,Ivy,Kevin.png,right,left
e2166,va1083,tempt,The warm bed tempted me to stay home all day.,,暖かいベッドに誘われて、一日中家にいたくなった。,,Ivy,,1,tempted,Ivy,,___________,,The warm bed tempted me to stay home all day.,The|warm|bed|tempted|me|to|stay|home|all|day.,e2166-a.mp3,,1,Ivy,,right,none
e2167,va1084,harvest,The rice harvest starts in September.,Can our class help at the farm?,お米の収穫は9月に始まります。,私たちのクラスも農場で手伝えますか？,Ruth,Ivy,1,harvest,Ruth,Ivy,___________,Can our class help at the farm?,The rice harvest starts in September.,The|rice|harvest|starts|in|September.,e2167-a.mp3,e2167-b.mp3,1,Ruth.png,Ivy.png,left,right
e2168,va1084,harvest,We harvested sweet potatoes from the school garden.,,学校の畑でさつまいもを収穫した。,,Ivy,,1,harvested,Ivy,,___________,,We harvested sweet potatoes from the school garden.,We|harvested|sweet|potatoes|from|the|school|garden.,e2168-a.mp3,,1,Ivy,,right,none
e2169,va1085,plot,The plot of this movie is hard to follow.,Let's watch it again with subtitles.,この映画、筋書きが分かりにくいね。,字幕付きでもう一回見よう。,Ivy,Kevin,1,plot,Ivy,Kevin,___________,Let's watch it again with subtitles.,The plot of this movie is hard to follow.,The|plot|of|this|movie|is|hard|to|follow.,e2169-a.mp3,e2169-b.mp3,1,Ivy,Kevin.png,right,left
e2170,va1085,plot,My grandmother grows tomatoes on a small plot of land.,,祖母は小さな区画の畑でトマトを育てている。,,Ivy,,1,plot,Ivy,,___________,,My grandmother grows tomatoes on a small plot of land.,My|grandmother|grows|tomatoes|on|a|small|plot|of|land.,e2170-a.mp3,,1,Ivy,,right,none
e2171,va1086,loss,We had a loss in the first game.,"You'll win the next one, don't give up.",最初の試合、負けちゃった。,次は勝てるよ、あきらめないで。,Kevin,Ivy,1,loss,Kevin,Ivy,___________,"You'll win the next one, don't give up.",We had a loss in the first game.,We|had|a|loss|in|the|first|game.,e2171-a.mp3,e2171-b.mp3,1,Kevin.png,Ivy.png,left,right
e2172,va1086,loss,Hearing loss can happen if music is too loud.,,音楽の音が大きすぎると、聴力が落ちることがあります。,,Ruth,,1,loss,Ruth,,___________,,Hearing loss can happen if music is too loud.,Hearing|loss|can|happen|if|music|is|too|loud.,e2172-a.mp3,,1,Ruth.png,,left,none
e2173,va1087,exception,Can I hand in my homework tomorrow?,"Just this once, I'll make an exception.",宿題を明日出してもいいですか？,今回だけ、特別に認めるわ。,Ivy,Ruth,2,exception.,Ivy,Ruth,Can I hand in my homework tomorrow?,___________,"Just this once, I'll make an exception.","Just|this|once,|I'll|make|an|exception.",e2173-a.mp3,e2173-b.mp3,1,Ivy,Ruth.png,right,left
e2174,va1087,exception,"Everyone passed the test, with one exception.",,一人を除いて、全員がテストに合格した。,,Ivy,,1,exception.,Ivy,,___________,,"Everyone passed the test, with one exception.","Everyone|passed|the|test,|with|one|exception.",e2174-a.mp3,,1,Ivy,,right,none
e2175,va1088,farewell,We're having a farewell party for Mr. Brown.,Can I write a message on the card?,ブラウン先生のお別れ会をします。,カードにメッセージを書いてもいいですか？,Ruth,Ivy,1,farewell,Ruth,Ivy,___________,Can I write a message on the card?,We're having a farewell party for Mr. Brown.,We're|having|a|farewell|party|for|Mr.|Brown.,e2175-a.mp3,e2175-b.mp3,1,Ruth.png,Ivy.png,left,right
e2176,va1088,farewell,We waved farewell as the ship left the port.,,船が港を出るとき、私たちは手を振って別れを告げた。,,Ivy,,1,farewell,Ivy,,___________,,We waved farewell as the ship left the port.,We|waved|farewell|as|the|ship|left|the|port.,e2176-a.mp3,,1,Ivy,,right,none
e2177,va1089,fulfill,I want to fulfill my dream of becoming a vet.,Then keep working hard in science.,獣医になる夢をかなえたいです。,じゃあ理科を頑張り続けてね。,Ivy,Ruth,1,fulfill,Ivy,Ruth,___________,Then keep working hard in science.,I want to fulfill my dream of becoming a vet.,I|want|to|fulfill|my|dream|of|becoming|a|vet.,e2177-a.mp3,e2177-b.mp3,1,Ivy,Ruth.png,right,left
e2178,va1089,fulfill,He fulfilled his promise to visit us every summer.,,彼は毎年夏に会いに来るという約束を果たした。,,Kevin,,1,fulfilled,Kevin,,___________,,He fulfilled his promise to visit us every summer.,He|fulfilled|his|promise|to|visit|us|every|summer.,e2178-a.mp3,,1,Kevin.png,,left,none
e2179,va1090,meanwhile,I'll start cooking dinner.,"Meanwhile, I'll set the table.",夕飯を作り始めるね。,その間に、私はテーブルの準備をするね。,Matthew,Ivy,2,"Meanwhile,",Matthew,Ivy,I'll start cooking dinner.,___________,"Meanwhile, I'll set the table.","Meanwhile,|I'll|set|the|table.",e2179-a.mp3,e2179-b.mp3,1,Matthew.png,Ivy.png,left,right
e2180,va1090,meanwhile,"It rained all day, and meanwhile we played cards inside.",,一日中雨が降っていて、その間私たちは家の中でトランプをした。,,Ivy,,1,meanwhile,Ivy,,___________,,"It rained all day, and meanwhile we played cards inside.","It|rained|all|day,|and|meanwhile|we|played|cards|inside.",e2180-a.mp3,,1,Ivy,,right,none
e2181,va1091,method,Try a different method to solve the problem.,Maybe drawing a table will help.,問題を解くのに別の方法を試してみて。,表を描くといいかもしれません。,Ruth,Ivy,1,method,Ruth,Ivy,___________,Maybe drawing a table will help.,Try a different method to solve the problem.,Try|a|different|method|to|solve|the|problem.,e2181-a.mp3,e2181-b.mp3,1,Ruth.png,Ivy.png,left,right
e2182,va1091,method,My favorite study method is teaching my little sister.,,僕の好きな勉強法は、妹に教えることだ。,,Kevin,,1,method,Kevin,,___________,,My favorite study method is teaching my little sister.,My|favorite|study|method|is|teaching|my|little|sister.,e2182-a.mp3,,1,Kevin.png,,left,none
e2183,va1092,import,Japan imports a lot of its food from other countries.,Even soybeans?,日本は食料の多くを外国から輸入しています。,大豆もですか？,Ruth,Ivy,1,imports,Ruth,Ivy,___________,Even soybeans?,Japan imports a lot of its food from other countries.,Japan|imports|a|lot|of|its|food|from|other|countries.,e2183-a.mp3,e2183-b.mp3,1,Ruth.png,Ivy.png,left,right
e2184,va1092,import,This shop sells chocolate imported from Belgium.,,この店はベルギーから輸入したチョコレートを売っています。,,Ivy,,1,imported,Ivy,,___________,,This shop sells chocolate imported from Belgium.,This|shop|sells|chocolate|imported|from|Belgium.,e2184-a.mp3,,1,Ivy,,right,none
e2185,va1093,settle,Let's settle this argument calmly.,"Okay, I'll listen to his side first.",この言い合いは落ち着いて解決しましょう。,はい、先に彼の言い分を聞きます。,Ruth,Ivy,1,settle,Ruth,Ivy,___________,"Okay, I'll listen to his side first.",Let's settle this argument calmly.,Let's|settle|this|argument|calmly.,e2185-a.mp3,e2185-b.mp3,1,Ruth.png,Ivy.png,left,right
e2186,va1093,settle,My family finally settled into our new house.,,家族はやっと新しい家に落ち着いた。,,Ivy,,1,settled,Ivy,,___________,,My family finally settled into our new house.,My|family|finally|settled|into|our|new|house.,e2186-a.mp3,,1,Ivy,,right,none
e2187,va1094,comparison,Make a comparison between the two stories.,Should I focus on the characters?,2つの物語を比較してみてください。,登場人物に注目したほうがいいですか？,Ruth,Ivy,1,comparison,Ruth,Ivy,___________,Should I focus on the characters?,Make a comparison between the two stories.,Make|a|comparison|between|the|two|stories.,e2187-a.mp3,e2187-b.mp3,1,Ruth.png,Ivy.png,left,right
e2188,va1094,comparison,"In comparison with last year, this summer is cooler.",,去年と比べて、今年の夏は涼しい。,,Ivy,,1,comparison,Ivy,,___________,,"In comparison with last year, this summer is cooler.","In|comparison|with|last|year,|this|summer|is|cooler.",e2188-a.mp3,,1,Ivy,,right,none
e2189,va1095,measure,Measure the window before you buy curtains.,Where's the tape measure?,カーテンを買う前に窓の寸法を測ってね。,メジャーはどこ？,Matthew,Ivy,1,Measure,Matthew,Ivy,___________,Where's the tape measure?,Measure the window before you buy curtains.,Measure|the|window|before|you|buy|curtains.,e2189-a.mp3,e2189-b.mp3,1,Matthew.png,Ivy.png,left,right
e2190,va1095,measure,We measured the rainfall every day for a month.,,1か月間、毎日雨の量を測った。,,Ivy,,1,measured,Ivy,,___________,,We measured the rainfall every day for a month.,We|measured|the|rainfall|every|day|for|a|month.,e2190-a.mp3,,1,Ivy,,right,none
e2191,va1096,leadership,Thank you for your leadership during the event.,I couldn't have done it without the team.,行事の間、リーダーシップを発揮してくれてありがとう。,チームがいなければできませんでした。,Ruth,Ivy,1,leadership,Ruth,Ivy,___________,I couldn't have done it without the team.,Thank you for your leadership during the event.,Thank|you|for|your|leadership|during|the|event.,e2191-a.mp3,e2191-b.mp3,1,Ruth.png,Ivy.png,left,right
e2192,va1096,leadership,Being captain taught me a lot about leadership.,,キャプテンをやって、リーダーシップについて多くを学んだ。,,Kevin,,1,leadership.,Kevin,,___________,,Being captain taught me a lot about leadership.,Being|captain|taught|me|a|lot|about|leadership.,e2192-a.mp3,,1,Kevin.png,,left,none
e2193,va1097,individual,"This is an individual task, not a group one.",So we can't help each other?,これは個人の課題で、グループ課題ではありません。,じゃあお互いに助け合っちゃだめなんですか？,Ruth,Ivy,1,individual,Ruth,Ivy,___________,So we can't help each other?,"This is an individual task, not a group one.","This|is|an|individual|task,|not|a|group|one.",e2193-a.mp3,e2193-b.mp3,1,Ruth.png,Ivy.png,left,right
e2194,va1097,individual,Every individual has a different way of learning.,,一人ひとり、学び方は違う。,,Ivy,,1,individual,Ivy,,___________,,Every individual has a different way of learning.,Every|individual|has|a|different|way|of|learning.,e2194-a.mp3,,1,Ivy,,right,none
e2195,va1098,deposit,Why do we pay a deposit for the bottle?,You get it back when you return it.,どうしてびんに保証金を払うの？,返せばお金が戻ってくるんだよ。,Ivy,Matthew,1,deposit,Ivy,Matthew,___________,You get it back when you return it.,Why do we pay a deposit for the bottle?,Why|do|we|pay|a|deposit|for|the|bottle?,e2195-a.mp3,e2195-b.mp3,1,Ivy,Matthew.png,right,left
e2196,va1098,deposit,I deposited my prize money in the bank.,,賞金を銀行に預けた。,,Ivy,,1,deposited,Ivy,,___________,,I deposited my prize money in the bank.,I|deposited|my|prize|money|in|the|bank.,e2196-a.mp3,,1,Ivy,,right,none
e2197,va1099,expose,Don't expose your skin to the sun for too long.,I'll put on sunscreen before the game.,肌を長時間、日光にさらさないようにね。,試合の前に日焼け止めを塗ります。,Ruth,Ivy,1,expose,Ruth,Ivy,___________,I'll put on sunscreen before the game.,Don't expose your skin to the sun for too long.,Don't|expose|your|skin|to|the|sun|for|too|long.,e2197-a.mp3,e2197-b.mp3,1,Ruth.png,Ivy.png,left,right
e2198,va1099,expose,"In the story, a young reporter exposes the truth.",,物語の中で、若い記者が真実を暴く。,,Ivy,,1,exposes,Ivy,,___________,,"In the story, a young reporter exposes the truth.","In|the|story,|a|young|reporter|exposes|the|truth.",e2198-a.mp3,,1,Ivy,,right,none
e2199,va1100,shortage,Why is the shelf empty?,There's a shortage of eggs this week.,どうして棚が空っぽなの？,今週は卵が不足しているんだって。,Ivy,Kevin,2,shortage,Ivy,Kevin,Why is the shelf empty?,___________,There's a shortage of eggs this week.,There's|a|shortage|of|eggs|this|week.,e2199-a.mp3,e2199-b.mp3,1,Ivy,Kevin.png,right,left
e2200,va1100,shortage,Some countries face a serious water shortage.,,深刻な水不足に直面している国もある。,,Ivy,,1,shortage.,Ivy,,___________,,Some countries face a serious water shortage.,Some|countries|face|a|serious|water|shortage.,e2200-a.mp3,,1,Ivy,,right,none